ID_Zadania,Model,Tryb,Iteracja,Czas_Odpowiedzi_s,Wejscie_Prompt,Odpowiedz_LLM,Ocena_Merytoryczna_1,Ocena_Merytoryczna_2,Ocena_Merytoryczna_3
R2-krok1,claude-sonnet-4-6,LLM-only,1,23.82,"Opis systemu: System umożliwia użytkownikom rezerwację wizyt u specjalistów (np. lekarzy lub konsultantów). Użytkownicy mogą przeglądać dostępne terminy, dokonywać rezerwacji oraz je anulować. Specjaliści zarządzają swoim grafikiem. System powinien zapobiegać konfliktom rezerwacji i obsługiwać różne role użytkowników.

Wygeneruj TYLKO ten fragment JSON z dokładnie taką strukturą:
{
  ""roles"": [
    {""name"": ""NazwaRoli"", ""permissions"": [""uprawnienie1"", ""uprawnienie2""]}
  ],
  ""functional_requirements"": [
    {""id"": ""FR1"", ""description"": ""Treść wymagania.""}
  ]
}","{
  ""roles"": [
    {
      ""name"": ""Pacjent"",
      ""permissions"": [
        ""przeglądanie dostępnych terminów"",
        ""dokonywanie rezerwacji wizyty"",
        ""anulowanie własnej rezerwacji"",
        ""przeglądanie historii własnych rezerwacji"",
        ""zarządzanie własnym profilem""
      ]
    },
    {
      ""name"": ""Specjalista"",
      ""permissions"": [
        ""zarządzanie własnym grafikiem"",
        ""przeglądanie listy własnych rezerwacji"",
        ""potwierdzanie rezerwacji"",
        ""odwoływanie wizyt"",
        ""blokowanie terminów w grafiku"",
        ""przeglądanie danych pacjentów przypisanych do wizyt"",
        ""zarządzanie własnym profilem""
      ]
    },
    {
      ""name"": ""Administrator"",
      ""permissions"": [
        ""zarządzanie kontami użytkowników"",
        ""zarządzanie kontami specjalistów"",
        ""przeglądanie wszystkich rezerwacji"",
        ""anulowanie dowolnej rezerwacji"",
        ""generowanie raportów systemowych"",
        ""konfiguracja systemu"",
        ""zarządzanie kategoriami specjalistów""
      ]
    },
    {
      ""name"": ""Recepcjonista"",
      ""permissions"": [
        ""przeglądanie dostępnych terminów wszystkich specjalistów"",
        ""dokonywanie rezerwacji w imieniu pacjenta"",
        ""anulowanie rezerwacji pacjenta"",
        ""przeglądanie listy rezerwacji"",
        ""rejestrowanie nowych pacjentów""
      ]
    }
  ],
  ""functional_requirements"": [
    {
      ""id"": ""FR1"",
      ""description"": ""System umożliwia rejestrację nowych użytkowników z przypisaniem odpowiedniej roli (Pacjent, Specjalista, Recepcjonista, Administrator).""
    },
    {
      ""id"": ""FR2"",
      ""description"": ""System umożliwia logowanie użytkowników za pomocą adresu e-mail i hasła oraz weryfikuje ich tożsamość przed przyznaniem dostępu.""
    },
    {
      ""id"": ""FR3"",
      ""description"": ""System wyświetla listę dostępnych terminów wizyt z możliwością filtrowania według specjalisty, daty, godziny oraz specjalizacji.""
    },
    {
      ""id"": ""FR4"",
      ""description"": ""System umożliwia pacjentowi dokonanie rezerwacji wybranego terminu u wybranego specjalisty.""
    },
    {
      ""id"": ""FR5"",
      ""description"": ""System zapobiega konfliktom rezerwacji poprzez blokowanie terminu natychmiast po jego zarezerwowaniu, uniemożliwiając równoczesną rezerwację tego samego terminu przez dwóch użytkowników.""
    },
    {
      ""id"": ""FR6"",
      ""description"": ""System umożliwia pacjentowi anulowanie własnej rezerwacji z zachowaniem określonego limitu czasowego przed planowaną wizytą.""
    },
    {
      ""id"": ""FR7"",
      ""description"": ""System wysyła powiadomienia e-mail do pacjenta i specjalisty po dokonaniu, potwierdzeniu lub anulowaniu rezerwacji.""
    },
    {
      ""id"": ""FR8"",
      ""description"": ""System wysyła automatyczne przypomnienia o zbliżającej się wizycie do pacjenta i specjalisty w określonym czasie przed wizytą.""
    },
    {
      ""id"": ""FR9"",
      ""description"": ""Specjalista może definiować swój grafik dostępności, określając dostępne dni i godziny przyjęć.""
    },
    {
      ""id"": ""FR10"",
      ""description"": ""Specjalista może blokować wybrane terminy w swoim grafiku, czyniąc je niedostępnymi dla rezerwacji.""
    },
    {
      ""id"": ""FR11"",
      ""description"": ""Specjalista może przeglądać listę wszystkich zarezerwowanych wizyt w swoim grafiku wraz z danymi pacjentów.""
    },
    {
      ""id"": ""FR12"",
      ""description"": ""Specjalista może potwierdzić lub odwołać rezerwację dokonaną przez pacjenta, a system powiadamia pacjenta o zmianie statusu.""
    },
    {
      ""id"": ""FR13"",
      ""description"": ""Pacjent może przeglądać historię swoich poprzednich i nadchodzących wizyt wraz z ich statusami.""
    },
    {
      ""id"": ""FR14"",
      ""description"": ""Recepcjonista może dokonywać rezerwacji wizyt w imieniu pacjenta oraz anulować istniejące rezerwacje.""
    },
    {
      ""id"": ""FR15"",
      ""description"": ""Administrator może zarządzać kontami wszystkich użytkowników, w tym tworzyć, edytować, dezaktywować i usuwać konta.""
    },
    {
      ""id"": ""FR16"",
      ""description"": ""Administrator może przeglądać wszystkie rezerwacje w systemie oraz generować raporty dotyczące obłożenia grafików i aktywności użytkowników.""
    },
    {
      ""id"": ""FR17"",
      ""description"": ""System umożliwia zarządzanie kategoriami i specjalizacjami specjalistów, pozwalając na przypisanie specjalisty do jednej lub wielu specjalizacji.""
    },
    {
      ""id"": ""FR18"",
      ""description"": ""System rejestruje historię zmian statusów rezerwacji wraz z informacją o użytkowniku dokonującym zmiany i znacznikiem czasowym.""
    },
    {
      ""id"": ""FR19"",
      ""description"": ""System umożliwia użytkownikowi edycję danych własnego profilu, takich jak dane kontaktowe i hasło.""
    },
    {
      ""id"": ""FR20"",
      ""description"": ""System obsługuje wyszukiwanie specjalistów według imienia, nazwiska lub specjalizacji i wyświetla ich profile z dostępnymi terminami.""
    }
  ]
}",,,
R2-krok2,claude-sonnet-4-6,LLM-only,1,34.48,"Opis systemu: System umożliwia użytkownikom rezerwację wizyt u specjalistów (np. lekarzy lub konsultantów). Użytkownicy mogą przeglądać dostępne terminy, dokonywać rezerwacji oraz je anulować. Specjaliści zarządzają swoim grafikiem. System powinien zapobiegać konfliktom rezerwacji i obsługiwać różne role użytkowników.
Wygenerowane FR: {""roles"": [{""name"": ""Pacjent"", ""permissions"": [""przeglądanie dostępnych terminów"", ""dokonywanie rezerwacji wizyty"", ""anulowanie własnej rezerwacji"", ""przeglądanie historii własnych rezerwacji"", ""zarządzanie własnym profilem""]}, {""name"": ""Specjalista"", ""permissions"": [""zarządzanie własnym grafikiem"", ""przeglądanie listy własnych rezerwacji"", ""potwierdzanie rezerwacji"", ""odwoływanie wizyt"", ""blokowanie terminów w grafiku"", ""przeglądanie danych pacjentów przypisanych do wizyt"", ""zarządzanie własnym profilem""]}, {""name"": ""Administrator"", ""permissions"": [""zarządzanie kontami użytkowników"", ""zarządzanie kontami specjalistów"", ""przeglądanie wszystkich rezerwacji"", ""anulowanie dowolnej rezerwacji"", ""generowanie raportów systemowych"", ""konfiguracja systemu"", ""zarządzanie kategoriami specjalistów""]}, {""name"": ""Recepcjonista"", ""permissions"": [""przeglądanie dostępnych terminów wszystkich specjalistów"", ""dokonywanie rezerwacji w imieniu pacjenta"", ""anulowanie rezerwacji pacjenta"", ""przeglądanie listy rezerwacji"", ""rejestrowanie nowych pacjentów""]}], ""functional_requirements"": [{""id"": ""FR1"", ""description"": ""System umożliwia rejestrację nowych użytkowników z przypisaniem odpowiedniej roli (Pacjent, Specjalista, Recepcjonista, Administrator).""}, {""id"": ""FR2"", ""description"": ""System umożliwia logowanie użytkowników za pomocą adresu e-mail i hasła oraz weryfikuje ich tożsamość przed przyznaniem dostępu.""}, {""id"": ""FR3"", ""description"": ""System wyświetla listę dostępnych terminów wizyt z możliwością filtrowania według specjalisty, daty, godziny oraz specjalizacji.""}, {""id"": ""FR4"", ""description"": ""System umożliwia pacjentowi dokonanie rezerwacji wybranego terminu u wybranego specjalisty.""}, {""id"": ""FR5"", ""description"": ""System zapobiega konfliktom rezerwacji poprzez blokowanie terminu natychmiast po jego zarezerwowaniu, uniemożliwiając równoczesną rezerwację tego samego terminu przez dwóch użytkowników.""}, {""id"": ""FR6"", ""description"": ""System umożliwia pacjentowi anulowanie własnej rezerwacji z zachowaniem określonego limitu czasowego przed planowaną wizytą.""}, {""id"": ""FR7"", ""description"": ""System wysyła powiadomienia e-mail do pacjenta i specjalisty po dokonaniu, potwierdzeniu lub anulowaniu rezerwacji.""}, {""id"": ""FR8"", ""description"": ""System wysyła automatyczne przypomnienia o zbliżającej się wizycie do pacjenta i specjalisty w określonym czasie przed wizytą.""}, {""id"": ""FR9"", ""description"": ""Specjalista może definiować swój grafik dostępności, określając dostępne dni i godziny przyjęć.""}, {""id"": ""FR10"", ""description"": ""Specjalista może blokować wybrane terminy w swoim grafiku, czyniąc je niedostępnymi dla rezerwacji.""}, {""id"": ""FR11"", ""description"": ""Specjalista może przeglądać listę wszystkich zarezerwowanych wizyt w swoim grafiku wraz z danymi pacjentów.""}, {""id"": ""FR12"", ""description"": ""Specjalista może potwierdzić lub odwołać rezerwację dokonaną przez pacjenta, a system powiadamia pacjenta o zmianie statusu.""}, {""id"": ""FR13"", ""description"": ""Pacjent może przeglądać historię swoich poprzednich i nadchodzących wizyt wraz z ich statusami.""}, {""id"": ""FR14"", ""description"": ""Recepcjonista może dokonywać rezerwacji wizyt w imieniu pacjenta oraz anulować istniejące rezerwacje.""}, {""id"": ""FR15"", ""description"": ""Administrator może zarządzać kontami wszystkich użytkowników, w tym tworzyć, edytować, dezaktywować i usuwać konta.""}, {""id"": ""FR16"", ""description"": ""Administrator może przeglądać wszystkie rezerwacje w systemie oraz generować raporty dotyczące obłożenia grafików i aktywności użytkowników.""}, {""id"": ""FR17"", ""description"": ""System umożliwia zarządzanie kategoriami i specjalizacjami specjalistów, pozwalając na przypisanie specjalisty do jednej lub wielu specjalizacji.""}, {""id"": ""FR18"", ""description"": ""System rejestruje historię zmian statusów rezerwacji wraz z informacją o użytkowniku dokonującym zmiany i znacznikiem czasowym.""}, {""id"": ""FR19"", ""description"": ""System umożliwia użytkownikowi edycję danych własnego profilu, takich jak dane kontaktowe i hasło.""}, {""id"": ""FR20"", ""description"": ""System obsługuje wyszukiwanie specjalistów według imienia, nazwiska lub specjalizacji i wyświetla ich profile z dostępnymi terminami.""}]}

Wygeneruj TYLKO ten fragment JSON z dokładnie taką strukturą:
{
  ""non_functional_requirements"": [
    {""id"": ""NFR1"", ""description"": ""Treść wymagania.""}
  ],
  ""user_stories"": [
    {""id"": ""US1"", ""description"": ""Jako X chcę Y, aby Z.""}
  ]
}","{
  ""non_functional_requirements"": [
    {""id"": ""NFR1"", ""description"": ""System powinien obsługiwać co najmniej 500 jednoczesnych użytkowników bez zauważalnego spadku wydajności, a czas odpowiedzi na żądania nie powinien przekraczać 2 sekund przy normalnym obciążeniu.""},
    {""id"": ""NFR2"", ""description"": ""System powinien być dostępny przez co najmniej 99,5% czasu w skali miesiąca, z wyłączeniem zaplanowanych okien serwisowych.""},
    {""id"": ""NFR3"", ""description"": ""Wszystkie dane przesyłane między klientem a serwerem muszą być szyfrowane przy użyciu protokołu TLS 1.2 lub nowszego.""},
    {""id"": ""NFR4"", ""description"": ""Hasła użytkowników muszą być przechowywane w bazie danych w postaci zahaszowanej z użyciem algorytmu bcrypt lub równoważnego, z odpowiednim współczynnikiem kosztu.""},
    {""id"": ""NFR5"", ""description"": ""System musi być zgodny z przepisami RODO, w tym zapewniać możliwość eksportu i usunięcia danych osobowych użytkownika na jego żądanie.""},
    {""id"": ""NFR6"", ""description"": ""Interfejs użytkownika powinien być responsywny i poprawnie wyświetlać się na urządzeniach mobilnych, tabletach oraz komputerach stacjonarnych w popularnych przeglądarkach (Chrome, Firefox, Safari, Edge).""},
    {""id"": ""NFR7"", ""description"": ""Mechanizm zapobiegania konfliktom rezerwacji musi działać w oparciu o transakcje bazodanowe z blokadą pesymistyczną lub optymistyczną, gwarantując spójność danych przy równoczesnych żądaniach.""},
    {""id"": ""NFR8"", ""description"": ""System powinien rejestrować logi zdarzeń krytycznych (logowanie, zmiany rezerwacji, zmiany uprawnień) z zachowaniem ich przez minimum 12 miesięcy.""},
    {""id"": ""NFR9"", ""description"": ""Czas wysłania powiadomienia e-mail po zdarzeniu (rezerwacja, anulowanie, potwierdzenie) nie powinien przekraczać 60 sekund od momentu wystąpienia zdarzenia.""},
    {""id"": ""NFR10"", ""description"": ""System powinien posiadać architekturę umożliwiającą skalowanie horyzontalne w celu obsługi rosnącej liczby użytkowników bez konieczności przepisywania kodu.""},
    {""id"": ""NFR11"", ""description"": ""Interfejs użytkownika powinien być intuicyjny, a nowy użytkownik powinien być w stanie dokonać rezerwacji wizyty bez dodatkowego szkolenia w czasie nieprzekraczającym 5 minut.""},
    {""id"": ""NFR12"", ""description"": ""System powinien wykonywać automatyczne kopie zapasowe bazy danych co najmniej raz na dobę, a czas przywrócenia systemu z kopii zapasowej nie powinien przekraczać 4 godzin.""},
    {""id"": ""NFR13"", ""description"": ""Dostęp do zasobów systemu musi być kontrolowany na podstawie ról użytkowników, a próby nieautoryzowanego dostępu do zasobów innych ról muszą być blokowane i rejestrowane.""},
    {""id"": ""NFR14"", ""description"": ""System powinien być zaprojektowany w sposób modułowy, umożliwiający dodawanie nowych typów specjalizacji i ról bez konieczności modyfikacji istniejących komponentów.""}
  ],
  ""user_stories"": [
    {""id"": ""US1"", ""description"": ""Jako nowy użytkownik chcę zarejestrować konto w systemie podając adres e-mail, hasło i dane osobowe, aby móc korzystać z funkcji rezerwacji wizyt.""},
    {""id"": ""US2"", ""description"": ""Jako zarejestrowany użytkownik chcę zalogować się do systemu przy użyciu adresu e-mail i hasła, aby uzyskać dostęp do funkcji przypisanych do mojej roli.""},
    {""id"": ""US3"", ""description"": ""Jako pacjent chcę przeglądać listę dostępnych terminów wizyt z możliwością filtrowania według specjalizacji, specjalisty, daty i godziny, aby szybko znaleźć odpowiedni termin.""},
    {""id"": ""US4"", ""description"": ""Jako pacjent chcę wyszukać specjalistę po imieniu, nazwisku lub specjalizacji, aby zobaczyć jego profil i dostępne terminy wizyt.""},
    {""id"": ""US5"", ""description"": ""Jako pacjent chcę zarezerwować wybrany termin u wybranego specjalisty, aby potwierdzić swoją wizytę w systemie.""},
    {""id"": ""US6"", ""description"": ""Jako pacjent chcę anulować moją rezerwację wizyty z odpowiednim wyprzedzeniem czasowym, aby zwolnić termin i uniknąć konsekwencji późnego odwołania.""},
    {""id"": ""US7"", ""description"": ""Jako pacjent chcę przeglądać historię moich poprzednich i nadchodzących wizyt wraz z ich statusami, aby mieć pełny wgląd w moje wizyty.""},
    {""id"": ""US8"", ""description"": ""Jako pacjent chcę otrzymać powiadomienie e-mail po dokonaniu, potwierdzeniu lub anulowaniu rezerwacji, aby być na bieżąco informowany o statusie mojej wizyty.""},
    {""id"": ""US9"", ""description"": ""Jako pacjent chcę otrzymać automatyczne przypomnienie e-mail o zbliżającej się wizycie, aby nie zapomnieć o zaplanowanym terminie.""},
    {""id"": ""US10"", ""description"": ""Jako pacjent chcę edytować dane swojego profilu, takie jak numer telefonu, adres e-mail i hasło, aby moje dane kontaktowe były zawsze aktualne.""},
    {""id"": ""US11"", ""description"": ""Jako specjalista chcę zdefiniować mój grafik dostępności, określając dni tygodnia i godziny przyjęć, aby pacjenci mogli rezerwować wizyty tylko w dostępnych terminach.""},
    {""id"": ""US12"", ""description"": ""Jako specjalista chcę zablokować wybrane terminy w moim grafiku, aby uniemożliwić rezerwację w czasie, gdy jestem niedostępny.""},
    {""id"": ""US13"", ""description"": ""Jako specjalista chcę przeglądać listę wszystkich zarezerwowanych wizyt w moim grafiku wraz z danymi pacjentów, aby być przygotowanym na nadchodzące wizyty.""},
    {""id"": ""US14"", ""description"": ""Jako specjalista chcę potwierdzić lub odwołać rezerwację dokonaną przez pacjenta, aby zarządzać moim harmonogramem i informować pacjentów o zmianach.""},
    {""id"": ""US15"", ""description"": ""Jako specjalista chcę otrzymać powiadomienie e-mail o nowej, anulowanej lub zmienionej rezerwacji, aby być na bieżąco informowany o zmianach w moim grafiku.""},
    {""id"": ""US16"", ""description"": ""Jako recepcjonista chcę dokonać rezerwacji wizyty w imieniu pacjenta, aby pomóc osobom, które nie mogą samodzielnie korzystać z systemu.""},
    {""id"": ""US17"", ""description"": ""Jako recepcjonista chcę anulować istniejącą rezerwację pacjenta, aby obsłużyć sytuacje, gdy pacjent zgłasza rezygnację osobiście lub telefonicznie.""},
    {""id"": ""US18"", ""description"": ""Jako recepcjonista chcę zarejestrować nowego pacjenta w systemie, aby umożliwić mu korzystanie z usług rezerwacji wizyt.""},
    {""id"": ""US19"", ""description"": ""Jako recepcjonista chcę przeglądać dostępne terminy wszystkich specjalistów, aby sprawnie odpowiadać na zapytania pacjentów i dokonywać rezerwacji.""},
    {""id"": ""US20"", ""description"": ""Jako administrator chcę zarządzać kontami wszystkich użytkowników, w tym tworzyć, edytować, dezaktywować i usuwać konta, aby utrzymać porządek i bezpieczeństwo w systemie.""},
    {""id"": ""US21"", ""description"": ""Jako administrator chcę przeglądać wszystkie rezerwacje w systemie, aby mieć pełny wgląd w aktywność użytkowników i obłożenie grafików specjalistów.""},
    {""id"": ""US22"", ""description"": ""Jako administrator chcę generować raporty dotyczące obłożenia grafików i aktywności użytkowników, aby podejmować decyzje oparte na danych.""},
    {""id"": ""US23"", ""description"": ""Jako administrator chcę zarządzać kategoriami i specjalizacjami specjalistów oraz przypisywać specjalistów do specjalizacji, aby utrzymać aktualną i spójną strukturę systemu.""},
    {""id"": ""US24"", ""description"": ""Jako administrator chcę anulować dowolną rezerwację w systemie, aby móc reagować na wyjątkowe sytuacje wymagające interwencji administracyjnej.""},
    {""id"": ""US25"", ""description"": ""Jako użytkownik systemu chcę mieć pewność, że wybrany przeze mnie termin zostanie natychmiast zablokowany po dokonaniu rezerwacji, aby uniknąć sytuacji, w której dwie osoby zarezerwują ten sam termin jednocześnie.""}
  ]
}",,,
R2-krok3,claude-sonnet-4-6,LLM-only,1,40.47,"User stories: [{""id"": ""US1"", ""description"": ""Jako nowy użytkownik chcę zarejestrować konto w systemie podając adres e-mail, hasło i dane osobowe, aby móc korzystać z funkcji rezerwacji wizyt.""}, {""id"": ""US2"", ""description"": ""Jako zarejestrowany użytkownik chcę zalogować się do systemu przy użyciu adresu e-mail i hasła, aby uzyskać dostęp do funkcji przypisanych do mojej roli.""}, {""id"": ""US3"", ""description"": ""Jako pacjent chcę przeglądać listę dostępnych terminów wizyt z możliwością filtrowania według specjalizacji, specjalisty, daty i godziny, aby szybko znaleźć odpowiedni termin.""}, {""id"": ""US4"", ""description"": ""Jako pacjent chcę wyszukać specjalistę po imieniu, nazwisku lub specjalizacji, aby zobaczyć jego profil i dostępne terminy wizyt.""}, {""id"": ""US5"", ""description"": ""Jako pacjent chcę zarezerwować wybrany termin u wybranego specjalisty, aby potwierdzić swoją wizytę w systemie.""}, {""id"": ""US6"", ""description"": ""Jako pacjent chcę anulować moją rezerwację wizyty z odpowiednim wyprzedzeniem czasowym, aby zwolnić termin i uniknąć konsekwencji późnego odwołania.""}, {""id"": ""US7"", ""description"": ""Jako pacjent chcę przeglądać historię moich poprzednich i nadchodzących wizyt wraz z ich statusami, aby mieć pełny wgląd w moje wizyty.""}, {""id"": ""US8"", ""description"": ""Jako pacjent chcę otrzymać powiadomienie e-mail po dokonaniu, potwierdzeniu lub anulowaniu rezerwacji, aby być na bieżąco informowany o statusie mojej wizyty.""}, {""id"": ""US9"", ""description"": ""Jako pacjent chcę otrzymać automatyczne przypomnienie e-mail o zbliżającej się wizycie, aby nie zapomnieć o zaplanowanym terminie.""}, {""id"": ""US10"", ""description"": ""Jako pacjent chcę edytować dane swojego profilu, takie jak numer telefonu, adres e-mail i hasło, aby moje dane kontaktowe były zawsze aktualne.""}, {""id"": ""US11"", ""description"": ""Jako specjalista chcę zdefiniować mój grafik dostępności, określając dni tygodnia i godziny przyjęć, aby pacjenci mogli rezerwować wizyty tylko w dostępnych terminach.""}, {""id"": ""US12"", ""description"": ""Jako specjalista chcę zablokować wybrane terminy w moim grafiku, aby uniemożliwić rezerwację w czasie, gdy jestem niedostępny.""}, {""id"": ""US13"", ""description"": ""Jako specjalista chcę przeglądać listę wszystkich zarezerwowanych wizyt w moim grafiku wraz z danymi pacjentów, aby być przygotowanym na nadchodzące wizyty.""}, {""id"": ""US14"", ""description"": ""Jako specjalista chcę potwierdzić lub odwołać rezerwację dokonaną przez pacjenta, aby zarządzać moim harmonogramem i informować pacjentów o zmianach.""}, {""id"": ""US15"", ""description"": ""Jako specjalista chcę otrzymać powiadomienie e-mail o nowej, anulowanej lub zmienionej rezerwacji, aby być na bieżąco informowany o zmianach w moim grafiku.""}, {""id"": ""US16"", ""description"": ""Jako recepcjonista chcę dokonać rezerwacji wizyty w imieniu pacjenta, aby pomóc osobom, które nie mogą samodzielnie korzystać z systemu.""}, {""id"": ""US17"", ""description"": ""Jako recepcjonista chcę anulować istniejącą rezerwację pacjenta, aby obsłużyć sytuacje, gdy pacjent zgłasza rezygnację osobiście lub telefonicznie.""}, {""id"": ""US18"", ""description"": ""Jako recepcjonista chcę zarejestrować nowego pacjenta w systemie, aby umożliwić mu korzystanie z usług rezerwacji wizyt.""}, {""id"": ""US19"", ""description"": ""Jako recepcjonista chcę przeglądać dostępne terminy wszystkich specjalistów, aby sprawnie odpowiadać na zapytania pacjentów i dokonywać rezerwacji.""}, {""id"": ""US20"", ""description"": ""Jako administrator chcę zarządzać kontami wszystkich użytkowników, w tym tworzyć, edytować, dezaktywować i usuwać konta, aby utrzymać porządek i bezpieczeństwo w systemie.""}, {""id"": ""US21"", ""description"": ""Jako administrator chcę przeglądać wszystkie rezerwacje w systemie, aby mieć pełny wgląd w aktywność użytkowników i obłożenie grafików specjalistów.""}, {""id"": ""US22"", ""description"": ""Jako administrator chcę generować raporty dotyczące obłożenia grafików i aktywności użytkowników, aby podejmować decyzje oparte na danych.""}, {""id"": ""US23"", ""description"": ""Jako administrator chcę zarządzać kategoriami i specjalizacjami specjalistów oraz przypisywać specjalistów do specjalizacji, aby utrzymać aktualną i spójną strukturę systemu.""}, {""id"": ""US24"", ""description"": ""Jako administrator chcę anulować dowolną rezerwację w systemie, aby móc reagować na wyjątkowe sytuacje wymagające interwencji administracyjnej.""}, {""id"": ""US25"", ""description"": ""Jako użytkownik systemu chcę mieć pewność, że wybrany przeze mnie termin zostanie natychmiast zablokowany po dokonaniu rezerwacji, aby uniknąć sytuacji, w której dwie osoby zarezerwują ten sam termin jednocześnie.""}]

Wygeneruj TYLKO ten fragment JSON z dokładnie taką strukturą:
{
  ""acceptance_criteria"": [
    {
      ""id"": ""AC1"",
      ""given"": ""warunek wstępny"",
      ""when"": ""akcja użytkownika"",
      ""then"": ""oczekiwany rezultat""
    }
  ]
}","{
  ""acceptance_criteria"": [
    {
      ""id"": ""AC1"",
      ""given"": ""Użytkownik nie posiada konta w systemie i znajduje się na stronie rejestracji"",
      ""when"": ""Użytkownik wypełnia formularz rejestracji podając unikalny adres e-mail, hasło spełniające wymagania bezpieczeństwa oraz dane osobowe (imię, nazwisko) i zatwierdza formularz"",
      ""then"": ""System tworzy nowe konto użytkownika, wysyła e-mail weryfikacyjny na podany adres i wyświetla komunikat o pomyślnej rejestracji""
    },
    {
      ""id"": ""AC2"",
      ""given"": ""Użytkownik posiada aktywne konto w systemie i znajduje się na stronie logowania"",
      ""when"": ""Użytkownik wprowadza poprawny adres e-mail i hasło oraz zatwierdza formularz logowania"",
      ""then"": ""System uwierzytelnia użytkownika, tworzy sesję i przekierowuje go do panelu odpowiedniego dla jego roli""
    },
    {
      ""id"": ""AC3"",
      ""given"": ""Zalogowany pacjent znajduje się na stronie przeglądania terminów wizyt"",
      ""when"": ""Pacjent stosuje filtry według specjalizacji, specjalisty, daty lub godziny"",
      ""then"": ""System wyświetla listę dostępnych terminów spełniających wybrane kryteria filtrowania, posortowanych chronologicznie""
    },
    {
      ""id"": ""AC4"",
      ""given"": ""Zalogowany pacjent znajduje się na stronie wyszukiwania specjalistów"",
      ""when"": ""Pacjent wprowadza imię, nazwisko lub specjalizację specjalisty w pole wyszukiwania i zatwierdza zapytanie"",
      ""then"": ""System wyświetla listę pasujących specjalistów wraz z możliwością przejścia do profilu każdego z nich i podglądu dostępnych terminów""
    },
    {
      ""id"": ""AC5"",
      ""given"": ""Zalogowany pacjent przegląda dostępne terminy i wybrał konkretny termin u wybranego specjalisty"",
      ""when"": ""Pacjent klika przycisk rezerwacji wybranego terminu i potwierdza chęć rezerwacji"",
      ""then"": ""System blokuje wybrany termin, tworzy rezerwację ze statusem oczekującym na potwierdzenie i wyświetla pacjentowi potwierdzenie dokonania rezerwacji""
    },
    {
      ""id"": ""AC6"",
      ""given"": ""Zalogowany pacjent posiada aktywną rezerwację wizyty i czas do wizyty przekracza wymagane minimum wyprzedzenia"",
      ""when"": ""Pacjent wybiera opcję anulowania rezerwacji i potwierdza decyzję"",
      ""then"": ""System zmienia status rezerwacji na anulowaną, zwalnia termin w grafiku specjalisty i wysyła powiadomienia e-mail do pacjenta i specjalisty""
    },
    {
      ""id"": ""AC7"",
      ""given"": ""Zalogowany pacjent znajduje się w swoim panelu użytkownika"",
      ""when"": ""Pacjent przechodzi do sekcji historii wizyt"",
      ""then"": ""System wyświetla listę wszystkich poprzednich i nadchodzących wizyt pacjenta wraz z datą, godziną, nazwiskiem specjalisty i aktualnym statusem każdej wizyty""
    },
    {
      ""id"": ""AC8"",
      ""given"": ""Pacjent dokonał, potwierdził lub anulował rezerwację wizyty"",
      ""when"": ""System przetwarza zmianę statusu rezerwacji"",
      ""then"": ""System automatycznie wysyła e-mail na adres pacjenta zawierający informację o rodzaju zmiany, szczegółach wizyty (data, godzina, specjalista) i aktualnym statusie rezerwacji""
    },
    {
      ""id"": ""AC9"",
      ""given"": ""Pacjent posiada potwierdzoną rezerwację wizyty, a do wizyty pozostał określony czas (np. 24 godziny)"",
      ""when"": ""System wykrywa zbliżający się termin wizyty zgodnie z harmonogramem przypomnień"",
      ""then"": ""System automatycznie wysyła e-mail przypominający pacjentowi o wizycie zawierający datę, godzinę, imię i nazwisko specjalisty oraz lokalizację""
    },
    {
      ""id"": ""AC10"",
      ""given"": ""Zalogowany pacjent znajduje się w sekcji edycji profilu"",
      ""when"": ""Pacjent zmienia numer telefonu, adres e-mail lub hasło i zapisuje zmiany"",
      ""then"": ""System aktualizuje dane profilu pacjenta, w przypadku zmiany e-mail wysyła weryfikację na nowy adres, a w przypadku zmiany hasła wymaga podania aktualnego hasła""
    },
    {
      ""id"": ""AC11"",
      ""given"": ""Zalogowany specjalista znajduje się w panelu zarządzania grafikiem"",
      ""when"": ""Specjalista definiuje dni tygodnia i godziny przyjęć oraz zapisuje grafik dostępności"",
      ""then"": ""System zapisuje grafik specjalisty i udostępnia zdefiniowane terminy pacjentom jako dostępne do rezerwacji""
    },
    {
      ""id"": ""AC12"",
      ""given"": ""Zalogowany specjalista posiada zdefiniowany grafik dostępności"",
      ""when"": ""Specjalista wybiera konkretny termin lub zakres terminów i oznacza je jako zablokowane"",
      ""then"": ""System oznacza wybrane terminy jako niedostępne i uniemożliwia pacjentom dokonanie rezerwacji w tych terminach""
    },
    {
      ""id"": ""AC13"",
      ""given"": ""Zalogowany specjalista znajduje się w panelu zarządzania wizytami"",
      ""when"": ""Specjalista przechodzi do listy zarezerwowanych wizyt"",
      ""then"": ""System wyświetla listę wszystkich zarezerwowanych wizyt w grafiku specjalisty wraz z datą, godziną, imieniem, nazwiskiem i danymi kontaktowymi pacjenta oraz statusem wizyty""
    },
    {
      ""id"": ""AC14"",
      ""given"": ""Zalogowany specjalista posiada rezerwację oczekującą na potwierdzenie lub potwierdzoną"",
      ""when"": ""Specjalista wybiera opcję potwierdzenia lub odwołania konkretnej rezerwacji"",
      ""then"": ""System aktualizuje status rezerwacji, wysyła powiadomienie e-mail do pacjenta o zmianie statusu i aktualizuje grafik specjalisty""
    },
    {
      ""id"": ""AC15"",
      ""given"": ""W systemie nastąpiła zmiana dotycząca rezerwacji w grafiku specjalisty (nowa, anulowana lub zmieniona rezerwacja)"",
      ""when"": ""System przetwarza zmianę rezerwacji"",
      ""then"": ""System automatycznie wysyła e-mail do specjalisty zawierający informację o rodzaju zmiany, danych pacjenta oraz szczegółach wizyty""
    },
    {
      ""id"": ""AC16"",
      ""given"": ""Zalogowany recepcjonista znajduje się w panelu rezerwacji i wybrał pacjenta oraz dostępny termin u specjalisty"",
      ""when"": ""Recepcjonista wypełnia formularz rezerwacji w imieniu pacjenta i zatwierdza go"",
      ""then"": ""System tworzy rezerwację przypisaną do wybranego pacjenta, blokuje termin w grafiku specjalisty i wysyła powiadomienie e-mail do pacjenta i specjalisty""
    },
    {
      ""id"": ""AC17"",
      ""given"": ""Zalogowany recepcjonista wyszukał istniejącą aktywną rezerwację pacjenta"",
      ""when"": ""Recepcjonista wybiera opcję anulowania rezerwacji i potwierdza decyzję"",
      ""then"": ""System zmienia status rezerwacji na anulowaną, zwalnia termin w grafiku specjalisty i wysyła powiadomienia e-mail do pacjenta i specjalisty""
    },
    {
      ""id"": ""AC18"",
      ""given"": ""Zalogowany recepcjonista znajduje się w panelu rejestracji nowego pacjenta"",
      ""when"": ""Recepcjonista wypełnia formularz rejestracji podając dane pacjenta (imię, nazwisko, e-mail, telefon) i zatwierdza formularz"",
      ""then"": ""System tworzy nowe konto pacjenta, wysyła e-mail z danymi dostępowymi na podany adres i wyświetla recepcjoniście potwierdzenie rejestracji""
    },
    {
      ""id"": ""AC19"",
      ""given"": ""Zalogowany recepcjonista znajduje się w panelu przeglądania terminów"",
      ""when"": ""Recepcjonista przegląda dostępne terminy z możliwością filtrowania według specjalisty, specjalizacji i daty"",
      ""then"": ""System wyświetla listę dostępnych terminów wszystkich specjalistów spełniających wybrane kryteria, umożliwiając recepcjoniście szybkie znalezienie odpowiedniego terminu""
    },
    {
      ""id"": ""AC20"",
      ""given"": ""Zalogowany administrator znajduje się w panelu zarządzania użytkownikami"",
      ""when"": ""Administrator tworzy nowe konto, edytuje dane istniejącego konta, dezaktywuje lub usuwa konto użytkownika"",
      ""then"": ""System wykonuje wybraną operację na koncie użytkownika, zapisuje zmiany i wyświetla administratorowi potwierdzenie wykonanej operacji""
    },
    {
      ""id"": ""AC21"",
      ""given"": ""Zalogowany administrator znajduje się w panelu administracyjnym"",
      ""when"": ""Administrator przechodzi do sekcji przeglądania wszystkich rezerwacji z możliwością filtrowania"",
      ""then"": ""System wyświetla listę wszystkich rezerwacji w systemie wraz z danymi pacjenta, specjalisty, datą, godziną i statusem każdej rezerwacji""
    },
    {
      ""id"": ""AC22"",
      ""given"": ""Zalogowany administrator znajduje się w sekcji raportów"",
      ""when"": ""Administrator wybiera typ raportu (obłożenie grafików lub aktywność użytkowników), określa zakres dat i generuje raport"",
      ""then"": ""System generuje raport zawierający żądane dane statystyczne w czytelnej formie z możliwością eksportu do pliku""
    },
    {
      ""id"": ""AC23"",
      ""given"": ""Zalogowany administrator znajduje się w panelu zarządzania specjalizacjami"",
      ""when"": ""Administrator dodaje nową kategorię lub specjalizację, edytuje istniejącą lub przypisuje specjalistę do specjalizacji"",
      ""then"": ""System zapisuje zmiany w strukturze specjalizacji, aktualizuje profile specjalistów i odzwierciedla zmiany w wynikach wyszukiwania dostępnych dla pacjentów""
    },
    {
      ""id"": ""AC24"",
      ""given"": ""Zalogowany administrator wyszukał dowolną aktywną rezerwację w systemie"",
      ""when"": ""Administrator wybiera opcję anulowania rezerwacji, podaje powód i potwierdza decyzję"",
      ""then"": ""System zmienia status rezerwacji na anulowaną, zwalnia termin w grafiku specjalisty i wysyła powiadomienia e-mail do pacjenta i specjalisty z informacją o anulowaniu przez administratora""
    },
    {
      ""id"": ""AC25"",
      ""given"": ""Dwóch użytkowników jednocześnie próbuje zarezerwować ten sam termin u tego samego specjalisty"",
      ""when"": ""Obaj użytkownicy niemal równocześnie zatwierdzają formularz rezerwacji tego samego terminu"",
      ""then"": ""System przyznaje rezerwację tylko jednemu użytkownikowi (temu, którego żądanie zostało przetworzone jako pierwsze), blokuje termin natychmiast po pierwszej rezerwacji i zwraca drugiemu użytkownikowi komunikat o niedostępności wybranego terminu""
    }
  ]
}",,,
R2-krok1,gpt-5.4,LLM-only,1,25.61,"Opis systemu: System umożliwia użytkownikom rezerwację wizyt u specjalistów (np. lekarzy lub konsultantów). Użytkownicy mogą przeglądać dostępne terminy, dokonywać rezerwacji oraz je anulować. Specjaliści zarządzają swoim grafikiem. System powinien zapobiegać konfliktom rezerwacji i obsługiwać różne role użytkowników.

Wygeneruj TYLKO ten fragment JSON z dokładnie taką strukturą:
{
  ""roles"": [
    {""name"": ""NazwaRoli"", ""permissions"": [""uprawnienie1"", ""uprawnienie2""]}
  ],
  ""functional_requirements"": [
    {""id"": ""FR1"", ""description"": ""Treść wymagania.""}
  ]
}","{
  ""roles"": [
    {
      ""name"": ""Użytkownik"",
      ""permissions"": [
        ""przeglądanie dostępnych terminów"",
        ""dokonywanie rezerwacji wizyt"",
        ""anulowanie własnych rezerwacji""
      ]
    },
    {
      ""name"": ""Specjalista"",
      ""permissions"": [
        ""zarządzanie własnym grafikiem"",
        ""przeglądanie swoich rezerwacji"",
        ""udostępnianie dostępnych terminów""
      ]
    },
    {
      ""name"": ""Administrator"",
      ""permissions"": [
        ""zarządzanie rolami użytkowników"",
        ""nadzór nad rezerwacjami"",
        ""zarządzanie kontami użytkowników i specjalistów""
      ]
    }
  ],
  ""functional_requirements"": [
    {
      ""id"": ""FR1"",
      ""description"": ""System musi umożliwiać użytkownikom przeglądanie dostępnych terminów wizyt u specjalistów.""
    },
    {
      ""id"": ""FR2"",
      ""description"": ""System musi umożliwiać użytkownikom dokonywanie rezerwacji wizyt na dostępne terminy.""
    },
    {
      ""id"": ""FR3"",
      ""description"": ""System musi umożliwiać użytkownikom anulowanie własnych rezerwacji.""
    },
    {
      ""id"": ""FR4"",
      ""description"": ""System musi umożliwiać specjalistom zarządzanie własnym grafikiem, w tym dodawanie, edytowanie i usuwanie dostępnych terminów.""
    },
    {
      ""id"": ""FR5"",
      ""description"": ""System musi zapobiegać konfliktom rezerwacji poprzez blokowanie możliwości zarezerwowania tego samego terminu przez więcej niż jednego użytkownika.""
    },
    {
      ""id"": ""FR6"",
      ""description"": ""System musi obsługiwać różne role użytkowników oraz przypisane do nich uprawnienia dostępu.""
    },
    {
      ""id"": ""FR7"",
      ""description"": ""System musi umożliwiać specjalistom przeglądanie zarezerwowanych wizyt przypisanych do ich grafiku.""
    }
  ]
}",,,
R2-krok2,gpt-5.4,LLM-only,1,37.95,"Opis systemu: System umożliwia użytkownikom rezerwację wizyt u specjalistów (np. lekarzy lub konsultantów). Użytkownicy mogą przeglądać dostępne terminy, dokonywać rezerwacji oraz je anulować. Specjaliści zarządzają swoim grafikiem. System powinien zapobiegać konfliktom rezerwacji i obsługiwać różne role użytkowników.
Wygenerowane FR: {""roles"": [{""name"": ""Użytkownik"", ""permissions"": [""przeglądanie dostępnych terminów"", ""dokonywanie rezerwacji wizyt"", ""anulowanie własnych rezerwacji""]}, {""name"": ""Specjalista"", ""permissions"": [""zarządzanie własnym grafikiem"", ""przeglądanie swoich rezerwacji"", ""udostępnianie dostępnych terminów""]}, {""name"": ""Administrator"", ""permissions"": [""zarządzanie rolami użytkowników"", ""nadzór nad rezerwacjami"", ""zarządzanie kontami użytkowników i specjalistów""]}], ""functional_requirements"": [{""id"": ""FR1"", ""description"": ""System musi umożliwiać użytkownikom przeglądanie dostępnych terminów wizyt u specjalistów.""}, {""id"": ""FR2"", ""description"": ""System musi umożliwiać użytkownikom dokonywanie rezerwacji wizyt na dostępne terminy.""}, {""id"": ""FR3"", ""description"": ""System musi umożliwiać użytkownikom anulowanie własnych rezerwacji.""}, {""id"": ""FR4"", ""description"": ""System musi umożliwiać specjalistom zarządzanie własnym grafikiem, w tym dodawanie, edytowanie i usuwanie dostępnych terminów.""}, {""id"": ""FR5"", ""description"": ""System musi zapobiegać konfliktom rezerwacji poprzez blokowanie możliwości zarezerwowania tego samego terminu przez więcej niż jednego użytkownika.""}, {""id"": ""FR6"", ""description"": ""System musi obsługiwać różne role użytkowników oraz przypisane do nich uprawnienia dostępu.""}, {""id"": ""FR7"", ""description"": ""System musi umożliwiać specjalistom przeglądanie zarezerwowanych wizyt przypisanych do ich grafiku.""}]}

Wygeneruj TYLKO ten fragment JSON z dokładnie taką strukturą:
{
  ""non_functional_requirements"": [
    {""id"": ""NFR1"", ""description"": ""Treść wymagania.""}
  ],
  ""user_stories"": [
    {""id"": ""US1"", ""description"": ""Jako X chcę Y, aby Z.""}
  ]
}","{
  ""non_functional_requirements"": [
    {
      ""id"": ""NFR1"",
      ""description"": ""System powinien zapewniać spójność danych rezerwacji w czasie rzeczywistym, tak aby równoczesne próby rezerwacji tego samego terminu nie prowadziły do niespójności.""
    },
    {
      ""id"": ""NFR2"",
      ""description"": ""System powinien być dostępny dla użytkowników przez co najmniej 99,5% czasu w skali miesiąca, z wyłączeniem planowanych prac serwisowych.""
    },
    {
      ""id"": ""NFR3"",
      ""description"": ""System powinien odpowiadać na żądania przeglądania dostępnych terminów w czasie nie dłuższym niż 2 sekundy dla 95% zapytań.""
    },
    {
      ""id"": ""NFR4"",
      ""description"": ""System powinien zapewniać bezpieczeństwo danych użytkowników i rezerwacji poprzez uwierzytelnianie, autoryzację oraz szyfrowanie transmisji danych.""
    },
    {
      ""id"": ""NFR5"",
      ""description"": ""System powinien rejestrować operacje związane z rezerwacją, anulowaniem wizyt oraz zmianami w grafiku specjalistów w celu zapewnienia audytowalności.""
    },
    {
      ""id"": ""NFR6"",
      ""description"": ""Interfejs systemu powinien być czytelny i intuicyjny dla użytkowników o różnych rolach, umożliwiając wykonanie podstawowych operacji bez potrzeby szkolenia.""
    },
    {
      ""id"": ""NFR7"",
      ""description"": ""System powinien być skalowalny i umożliwiać obsługę rosnącej liczby użytkowników, specjalistów oraz rezerwacji bez istotnego pogorszenia wydajności.""
    }
  ],
  ""user_stories"": [
    {
      ""id"": ""US1"",
      ""description"": ""Jako użytkownik chcę przeglądać dostępne terminy wizyt, aby wybrać dogodny czas spotkania.""
    },
    {
      ""id"": ""US2"",
      ""description"": ""Jako użytkownik chcę zarezerwować dostępny termin wizyty, aby umówić się do wybranego specjalisty.""
    },
    {
      ""id"": ""US3"",
      ""description"": ""Jako użytkownik chcę anulować własną rezerwację, aby móc zrezygnować z wizyty, gdy nie mogę się na nią stawić.""
    },
    {
      ""id"": ""US4"",
      ""description"": ""Jako specjalista chcę zarządzać swoim grafikiem, aby udostępniać i aktualizować terminy wizyt.""
    },
    {
      ""id"": ""US5"",
      ""description"": ""Jako specjalista chcę przeglądać swoje zarezerwowane wizyty, aby planować swoją pracę.""
    },
    {
      ""id"": ""US6"",
      ""description"": ""Jako administrator chcę zarządzać rolami i uprawnieniami użytkowników, aby kontrolować dostęp do funkcji systemu.""
    },
    {
      ""id"": ""US7"",
      ""description"": ""Jako administrator chcę nadzorować rezerwacje i konta użytkowników, aby zapewnić poprawne działanie systemu.""
    }
  ]
}",,,
R2-krok3,gpt-5.4,LLM-only,1,48.19,"User stories: [{""id"": ""US1"", ""description"": ""Jako użytkownik chcę przeglądać dostępne terminy wizyt, aby wybrać dogodny czas spotkania.""}, {""id"": ""US2"", ""description"": ""Jako użytkownik chcę zarezerwować dostępny termin wizyty, aby umówić się do wybranego specjalisty.""}, {""id"": ""US3"", ""description"": ""Jako użytkownik chcę anulować własną rezerwację, aby móc zrezygnować z wizyty, gdy nie mogę się na nią stawić.""}, {""id"": ""US4"", ""description"": ""Jako specjalista chcę zarządzać swoim grafikiem, aby udostępniać i aktualizować terminy wizyt.""}, {""id"": ""US5"", ""description"": ""Jako specjalista chcę przeglądać swoje zarezerwowane wizyty, aby planować swoją pracę.""}, {""id"": ""US6"", ""description"": ""Jako administrator chcę zarządzać rolami i uprawnieniami użytkowników, aby kontrolować dostęp do funkcji systemu.""}, {""id"": ""US7"", ""description"": ""Jako administrator chcę nadzorować rezerwacje i konta użytkowników, aby zapewnić poprawne działanie systemu.""}]

Wygeneruj TYLKO ten fragment JSON z dokładnie taką strukturą:
{
  ""acceptance_criteria"": [
    {
      ""id"": ""AC1"",
      ""given"": ""warunek wstępny"",
      ""when"": ""akcja użytkownika"",
      ""then"": ""oczekiwany rezultat""
    }
  ]
}","{
  ""acceptance_criteria"": [
    {
      ""id"": ""AC1"",
      ""given"": ""użytkownik jest na ekranie przeglądania terminów wizyt i w systemie istnieją dostępne terminy"",
      ""when"": ""użytkownik wybiera specjalistę lub zakres dat do przeglądania"",
      ""then"": ""system wyświetla listę dostępnych terminów wizyt zgodnych z wybranymi kryteriami""
    },
    {
      ""id"": ""AC2"",
      ""given"": ""użytkownik przegląda terminy wizyt i brak dostępnych terminów dla wybranych kryteriów"",
      ""when"": ""użytkownik uruchamia wyszukiwanie terminów"",
      ""then"": ""system informuje, że nie znaleziono dostępnych terminów""
    },
    {
      ""id"": ""AC3"",
      ""given"": ""użytkownik jest zalogowany i wybrany termin wizyty jest dostępny"",
      ""when"": ""użytkownik potwierdza rezerwację wybranego terminu"",
      ""then"": ""system zapisuje rezerwację i oznacza termin jako zarezerwowany""
    },
    {
      ""id"": ""AC4"",
      ""given"": ""użytkownik próbuje zarezerwować termin, który został już zajęty przez inną osobę"",
      ""when"": ""użytkownik zatwierdza rezerwację"",
      ""then"": ""system odrzuca rezerwację i informuje, że termin nie jest już dostępny""
    },
    {
      ""id"": ""AC5"",
      ""given"": ""użytkownik jest zalogowany i posiada aktywną rezerwację wizyty"",
      ""when"": ""użytkownik wybiera opcję anulowania własnej rezerwacji i potwierdza operację"",
      ""then"": ""system anuluje rezerwację i ponownie oznacza termin jako dostępny""
    },
    {
      ""id"": ""AC6"",
      ""given"": ""użytkownik jest zalogowany, ale próbuje anulować rezerwację należącą do innego użytkownika"",
      ""when"": ""użytkownik wybiera opcję anulowania tej rezerwacji"",
      ""then"": ""system blokuje operację i informuje o braku uprawnień""
    },
    {
      ""id"": ""AC7"",
      ""given"": ""specjalista jest zalogowany i znajduje się w widoku zarządzania grafikiem"",
      ""when"": ""specjalista dodaje nowy dostępny termin wizyty"",
      ""then"": ""system zapisuje termin w grafiku specjalisty i udostępnia go użytkownikom do rezerwacji""
    },
    {
      ""id"": ""AC8"",
      ""given"": ""specjalista jest zalogowany i posiada istniejący termin w swoim grafiku, który nie został zarezerwowany"",
      ""when"": ""specjalista edytuje lub usuwa ten termin"",
      ""then"": ""system aktualizuje grafik zgodnie z wprowadzoną zmianą""
    },
    {
      ""id"": ""AC9"",
      ""given"": ""specjalista jest zalogowany i posiada zarezerwowane wizyty w systemie"",
      ""when"": ""specjalista otwiera listę swoich wizyt"",
      ""then"": ""system wyświetla wszystkie zarezerwowane wizyty przypisane do tego specjalisty""
    },
    {
      ""id"": ""AC10"",
      ""given"": ""administrator jest zalogowany i ma dostęp do zarządzania użytkownikami"",
      ""when"": ""administrator zmienia rolę lub uprawnienia wybranego użytkownika"",
      ""then"": ""system zapisuje zmiany i stosuje nowe uprawnienia do konta użytkownika""
    },
    {
      ""id"": ""AC11"",
      ""given"": ""użytkownik bez uprawnień administratora próbuje uzyskać dostęp do funkcji zarządzania rolami i uprawnieniami"",
      ""when"": ""użytkownik otwiera moduł administracyjny lub wykonuje operację administracyjną"",
      ""then"": ""system odmawia dostępu i informuje o braku odpowiednich uprawnień""
    },
    {
      ""id"": ""AC12"",
      ""given"": ""administrator jest zalogowany i znajduje się w panelu nadzoru systemu"",
      ""when"": ""administrator przegląda rezerwacje lub konta użytkowników"",
      ""then"": ""system wyświetla aktualne dane o rezerwacjach oraz kontach użytkowników""
    }
  ]
}",,,
R2-krok1,gemini-3-flash-preview,LLM-only,1,11.36,"Opis systemu: System umożliwia użytkownikom rezerwację wizyt u specjalistów (np. lekarzy lub konsultantów). Użytkownicy mogą przeglądać dostępne terminy, dokonywać rezerwacji oraz je anulować. Specjaliści zarządzają swoim grafikiem. System powinien zapobiegać konfliktom rezerwacji i obsługiwać różne role użytkowników.

Wygeneruj TYLKO ten fragment JSON z dokładnie taką strukturą:
{
  ""roles"": [
    {""name"": ""NazwaRoli"", ""permissions"": [""uprawnienie1"", ""uprawnienie2""]}
  ],
  ""functional_requirements"": [
    {""id"": ""FR1"", ""description"": ""Treść wymagania.""}
  ]
}","{
  ""roles"": [
    {
      ""name"": ""Użytkownik"",
      ""permissions"": [
        ""przeglądanie_terminów"",
        ""rezerwacja_wizyty"",
        ""anulowanie_własnej_rezerwacji""
      ]
    },
    {
      ""name"": ""Specjalista"",
      ""permissions"": [
        ""zarządzanie_grafikiem"",
        ""podgląd_rezerwacji"",
        ""anulowanie_wizyty_pacjenta""
      ]
    },
    {
      ""name"": ""Administrator"",
      ""permissions"": [
        ""zarządzanie_użytkownikami"",
        ""konfiguracja_systemu"",
        ""raportowanie""
      ]
    }
  ],
  ""functional_requirements"": [
    {
      ""id"": ""FR1"",
      ""description"": ""System musi umożliwiać użytkownikom wyszukiwanie i przeglądanie dostępnych terminów u wybranych specjalistów.""
    },
    {
      ""id"": ""FR2"",
      ""description"": ""System musi umożliwiać użytkownikom dokonanie rezerwacji wybranego wolnego terminu.""
    },
    {
      ""id"": ""FR3"",
      ""description"": ""System musi umożliwiać użytkownikom anulowanie istniejącej rezerwacji zgodnie z polityką anulowań.""
    },
    {
      ""id"": ""FR4"",
      ""description"": ""System musi umożliwiać specjalistom definiowanie, edytowanie i usuwanie dostępnych slotów czasowych w ich grafiku.""
    },
    {
      ""id"": ""FR5"",
      ""description"": ""System musi automatycznie blokować termin w momencie potwierdzenia rezerwacji, uniemożliwiając podwójne zapisy na tę samą godzinę.""
    },
    {
      ""id"": ""FR6"",
      ""description"": ""System musi wymuszać autoryzację i weryfikację uprawnień dla każdej operacji zgodnie z przypisaną rolą użytkownika.""
    }
  ]
}",,,
R2-krok2,gemini-3-flash-preview,LLM-only,1,7.18,"Opis systemu: System umożliwia użytkownikom rezerwację wizyt u specjalistów (np. lekarzy lub konsultantów). Użytkownicy mogą przeglądać dostępne terminy, dokonywać rezerwacji oraz je anulować. Specjaliści zarządzają swoim grafikiem. System powinien zapobiegać konfliktom rezerwacji i obsługiwać różne role użytkowników.
Wygenerowane FR: {""roles"": [{""name"": ""Użytkownik"", ""permissions"": [""przeglądanie_terminów"", ""rezerwacja_wizyty"", ""anulowanie_własnej_rezerwacji""]}, {""name"": ""Specjalista"", ""permissions"": [""zarządzanie_grafikiem"", ""podgląd_rezerwacji"", ""anulowanie_wizyty_pacjenta""]}, {""name"": ""Administrator"", ""permissions"": [""zarządzanie_użytkownikami"", ""konfiguracja_systemu"", ""raportowanie""]}], ""functional_requirements"": [{""id"": ""FR1"", ""description"": ""System musi umożliwiać użytkownikom wyszukiwanie i przeglądanie dostępnych terminów u wybranych specjalistów.""}, {""id"": ""FR2"", ""description"": ""System musi umożliwiać użytkownikom dokonanie rezerwacji wybranego wolnego terminu.""}, {""id"": ""FR3"", ""description"": ""System musi umożliwiać użytkownikom anulowanie istniejącej rezerwacji zgodnie z polityką anulowań.""}, {""id"": ""FR4"", ""description"": ""System musi umożliwiać specjalistom definiowanie, edytowanie i usuwanie dostępnych slotów czasowych w ich grafiku.""}, {""id"": ""FR5"", ""description"": ""System musi automatycznie blokować termin w momencie potwierdzenia rezerwacji, uniemożliwiając podwójne zapisy na tę samą godzinę.""}, {""id"": ""FR6"", ""description"": ""System musi wymuszać autoryzację i weryfikację uprawnień dla każdej operacji zgodnie z przypisaną rolą użytkownika.""}]}

Wygeneruj TYLKO ten fragment JSON z dokładnie taką strukturą:
{
  ""non_functional_requirements"": [
    {""id"": ""NFR1"", ""description"": ""Treść wymagania.""}
  ],
  ""user_stories"": [
    {""id"": ""US1"", ""description"": ""Jako X chcę Y, aby Z.""}
  ]
}","{
  ""non_functional_requirements"": [
    {""id"": ""NFR1"", ""description"": ""System musi zapewniać czas odpowiedzi na zapytanie o dostępność terminów nie przekraczający 2 sekund przy 1000 równoczesnych użytkownikach.""},
    {""id"": ""NFR2"", ""description"": ""Wszystkie dane osobowe oraz dane o wizytach muszą być szyfrowane zgodnie ze standardem AES-256 oraz spełniać wymogi RODO.""},
    {""id"": ""NFR3"", ""description"": ""System musi charakteryzować się dostępnością na poziomie 99,9% w skali miesiąca.""},
    {""id"": ""NFR4"", ""description"": ""Interfejs użytkownika musi być w pełni responsywny (RWD), zapewniając poprawną obsługę na urządzeniach mobilnych i desktopowych.""},
    {""id"": ""NFR5"", ""description"": ""System musi automatycznie wylogować użytkownika po 15 minutach nieaktywności w celu zapewnienia bezpieczeństwa sesji.""}
  ],
  ""user_stories"": [
    {""id"": ""US1"", ""description"": ""Jako Użytkownik chcę wyszukać specjalistę po nazwisku lub specjalizacji, aby szybko znaleźć odpowiednią osobę na wizytę.""},
    {""id"": ""US2"", ""description"": ""Jako Użytkownik chcę otrzymać potwierdzenie rezerwacji na e-mail, aby mieć pewność, że proces zakończył się sukcesem.""},
    {""id"": ""US3"", ""description"": ""Jako Specjalista chcę blokować wybrane dni w grafiku (np. urlop), aby pacjenci nie mogli zapisywać się w czasie mojej nieobecności.""},
    {""id"": ""US4"", ""description"": ""Jako Specjalista chcę widzieć powód wizyty podany przez pacjenta, aby móc lepiej przygotować się do konsultacji.""},
    {""id"": ""US5"", ""description"": ""Jako Administrator chcę generować raporty miesięczne dotyczące liczby zrealizowanych wizyt, aby analizować obłożenie systemu.""}
  ]
}",,,
R2-krok3,gemini-3-flash-preview,LLM-only,1,8.0,"User stories: [{""id"": ""US1"", ""description"": ""Jako Użytkownik chcę wyszukać specjalistę po nazwisku lub specjalizacji, aby szybko znaleźć odpowiednią osobę na wizytę.""}, {""id"": ""US2"", ""description"": ""Jako Użytkownik chcę otrzymać potwierdzenie rezerwacji na e-mail, aby mieć pewność, że proces zakończył się sukcesem.""}, {""id"": ""US3"", ""description"": ""Jako Specjalista chcę blokować wybrane dni w grafiku (np. urlop), aby pacjenci nie mogli zapisywać się w czasie mojej nieobecności.""}, {""id"": ""US4"", ""description"": ""Jako Specjalista chcę widzieć powód wizyty podany przez pacjenta, aby móc lepiej przygotować się do konsultacji.""}, {""id"": ""US5"", ""description"": ""Jako Administrator chcę generować raporty miesięczne dotyczące liczby zrealizowanych wizyt, aby analizować obłożenie systemu.""}]

Wygeneruj TYLKO ten fragment JSON z dokładnie taką strukturą:
{
  ""acceptance_criteria"": [
    {
      ""id"": ""AC1"",
      ""given"": ""warunek wstępny"",
      ""when"": ""akcja użytkownika"",
      ""then"": ""oczekiwany rezultat""
    }
  ]
}","{
  ""acceptance_criteria"": [
    {
      ""id"": ""AC1"",
      ""given"": ""Użytkownik znajduje się na stronie wyszukiwania specjalistów"",
      ""when"": ""Użytkownik wprowadzi nazwisko lub specjalizację w pole wyszukiwania i zatwierdzi wybór"",
      ""then"": ""System wyświetla listę specjalistów pasujących do wpisanych kryteriów""
    },
    {
      ""id"": ""AC2"",
      ""given"": ""Użytkownik pomyślnie przeszedł proces rezerwacji wizyty"",
      ""when"": ""Rezerwacja zostanie zatwierdzona w bazie danych"",
      ""then"": ""System wysyła wiadomość e-mail z potwierdzeniem terminu na adres użytkownika""
    },
    {
      ""id"": ""AC3"",
      ""given"": ""Specjalista jest zalogowany i widzi swój kalendarz pracy"",
      ""when"": ""Specjalista zaznaczy wybrany zakres dni jako niedostępny i zapisze zmiany"",
      ""then"": ""System blokuje możliwość zapisu pacjentów na wizyty w wyznaczonym terminie""
    },
    {
      ""id"": ""AC4"",
      ""given"": ""Specjalista przegląda szczegóły nadchodzącej wizyty w swoim panelu"",
      ""when"": ""Specjalista otworzy kartę konkretnej wizyty"",
      ""then"": ""System wyświetla pole z opisem powodu wizyty wprowadzonym przez pacjenta""
    },
    {
      ""id"": ""AC5"",
      ""given"": ""Administrator jest zalogowany w module analitycznym"",
      ""when"": ""Administrator wybierze miesiąc i wygeneruje raport obłożenia"",
      ""then"": ""System tworzy zestawienie zawierające sumaryczną liczbę zrealizowanych wizyt w wybranym okresie""
    }
  ]
}",,,
R2-krok1,llama-3.1-8b,LLM-only,1,0.95,"Opis systemu: System umożliwia użytkownikom rezerwację wizyt u specjalistów (np. lekarzy lub konsultantów). Użytkownicy mogą przeglądać dostępne terminy, dokonywać rezerwacji oraz je anulować. Specjaliści zarządzają swoim grafikiem. System powinien zapobiegać konfliktom rezerwacji i obsługiwać różne role użytkowników.

Wygeneruj TYLKO ten fragment JSON z dokładnie taką strukturą:
{
  ""roles"": [
    {""name"": ""NazwaRoli"", ""permissions"": [""uprawnienie1"", ""uprawnienie2""]}
  ],
  ""functional_requirements"": [
    {""id"": ""FR1"", ""description"": ""Treść wymagania.""}
  ]
}","{
  ""roles"": [
    {""name"": ""Uzytkownik"", ""permissions"": [""rezerwacja"", ""przegladanieTerminow""]},
    {""name"": ""Specjalista"", ""permissions"": [""zarzadzanieGrafikiem"", ""anulowanieRezerwacji""]},
    {""name"": ""Administrator"", ""permissions"": [""zarzadzanieUzytkownikami"", ""zarzadzanieRezerwacjami""]}
  ],
  ""functional_requirements"": [
    {""id"": ""FR1"", ""description"": ""Uzytkownicy mogą przegladac dostepne terminy.""},
    {""id"": ""FR2"", ""description"": ""System powinien zapobiec konfliktom rezerwacji.""},
    {""id"": ""FR3"", ""description"": ""Uzytkownicy mogą dokonywac rezerwacji wizyt u specjalistow.""}
  ]
}",,,
R2-krok2,llama-3.1-8b,LLM-only,1,0.81,"Opis systemu: System umożliwia użytkownikom rezerwację wizyt u specjalistów (np. lekarzy lub konsultantów). Użytkownicy mogą przeglądać dostępne terminy, dokonywać rezerwacji oraz je anulować. Specjaliści zarządzają swoim grafikiem. System powinien zapobiegać konfliktom rezerwacji i obsługiwać różne role użytkowników.
Wygenerowane FR: {""roles"": [{""name"": ""Uzytkownik"", ""permissions"": [""rezerwacja"", ""przegladanieTerminow""]}, {""name"": ""Specjalista"", ""permissions"": [""zarzadzanieGrafikiem"", ""anulowanieRezerwacji""]}, {""name"": ""Administrator"", ""permissions"": [""zarzadzanieUzytkownikami"", ""zarzadzanieRezerwacjami""]}], ""functional_requirements"": [{""id"": ""FR1"", ""description"": ""Uzytkownicy mogą przegladac dostepne terminy.""}, {""id"": ""FR2"", ""description"": ""System powinien zapobiec konfliktom rezerwacji.""}, {""id"": ""FR3"", ""description"": ""Uzytkownicy mogą dokonywac rezerwacji wizyt u specjalistow.""}]}

Wygeneruj TYLKO ten fragment JSON z dokładnie taką strukturą:
{
  ""non_functional_requirements"": [
    {""id"": ""NFR1"", ""description"": ""Treść wymagania.""}
  ],
  ""user_stories"": [
    {""id"": ""US1"", ""description"": ""Jako X chcę Y, aby Z.""}
  ]
}","{
  ""non_functional_requirements"": [
    {""id"": ""NFR1"", ""description"": ""System powinien być dostępny przez 8 godzin w ciągu dnia.""},
    {""id"": ""NFR2"", ""description"": ""System powinien mieć szybkość ładowania stron poniżej 2 sekund.""},
    {""id"": ""NFR3"", ""description"": ""System powinien być dostępny na urządzeniach mobilnych.""}
  ],
  ""user_stories"": [
    {""id"": ""US1"", ""description"": ""Jako użytkownik chcę móc przeglądać dostępne terminy, aby móc wybrać odpowiedni termin wizyty.""},
    {""id"": ""US2"", ""description"": ""Jako specjalista chcę móc zarządzać swoim grafikiem, aby móc ustalić dostępne terminy wizyt.""},
    {""id"": ""US3"", ""description"": ""Jako administrator chcę móc zarządzać użytkownikami i rezerwacjami, aby móc kontrolować dostęp do systemu.""}
  ]
}",,,
R2-krok3,llama-3.1-8b,LLM-only,1,0.66,"User stories: [{""id"": ""US1"", ""description"": ""Jako użytkownik chcę móc przeglądać dostępne terminy, aby móc wybrać odpowiedni termin wizyty.""}, {""id"": ""US2"", ""description"": ""Jako specjalista chcę móc zarządzać swoim grafikiem, aby móc ustalić dostępne terminy wizyt.""}, {""id"": ""US3"", ""description"": ""Jako administrator chcę móc zarządzać użytkownikami i rezerwacjami, aby móc kontrolować dostęp do systemu.""}]

Wygeneruj TYLKO ten fragment JSON z dokładnie taką strukturą:
{
  ""acceptance_criteria"": [
    {
      ""id"": ""AC1"",
      ""given"": ""warunek wstępny"",
      ""when"": ""akcja użytkownika"",
      ""then"": ""oczekiwany rezultat""
    }
  ]
}","{
  ""acceptance_criteria"": [
    {
      ""id"": ""AC1"",
      ""given"": ""Użytkownik jest zalogowany do systemu"",
      ""when"": ""Użytkownik klika przycisk 'Przeglądaj terminy'"",
      ""then"": ""System wyświetla dostępne terminy wizyt""
    },
    {
      ""id"": ""AC2"",
      ""given"": ""Specjalista jest zalogowany do systemu"",
      ""when"": ""Specjalista klika przycisk 'Zarządzaj grafikiem'"",
      ""then"": ""System pozwala specjaliście ustalić dostępne terminy wizyt""
    },
    {
      ""id"": ""AC3"",
      ""given"": ""Administrator jest zalogowany do systemu"",
      ""when"": ""Administrator klika przycisk 'Zarządzaj użytkownikami'"",
      ""then"": ""System pozwala administratorowi zarządzać użytkownikami i rezerwacjami""
    }
  ]
}",,,
R2-krok1,gemini-3-flash-preview,LLM-only,1,6.76,"Opis systemu: System umożliwia użytkownikom rezerwację wizyt u specjalistów (np. lekarzy lub konsultantów). Użytkownicy mogą przeglądać dostępne terminy, dokonywać rezerwacji oraz je anulować. Specjaliści zarządzają swoim grafikiem. System powinien zapobiegać konfliktom rezerwacji i obsługiwać różne role użytkowników.

Wygeneruj TYLKO ten fragment JSON z dokładnie taką strukturą:
{
  ""roles"": [
    {""name"": ""NazwaRoli"", ""permissions"": [""uprawnienie1"", ""uprawnienie2""]}
  ],
  ""functional_requirements"": [
    {""id"": ""FR1"", ""description"": ""Treść wymagania.""}
  ]
}","{
  ""roles"": [
    {
      ""name"": ""Użytkownik"",
      ""permissions"": [
        ""przeglądanie dostępnych terminów"",
        ""dokonywanie rezerwacji wizyt"",
        ""anulowanie własnych rezerwacji""
      ]
    },
    {
      ""name"": ""Specjalista"",
      ""permissions"": [
        ""zarządzanie własnym grafikiem"",
        ""przeglądanie listy zapisanych wizyt"",
        ""anulowanie wizyt klientów""
      ]
    },
    {
      ""name"": ""Administrator"",
      ""permissions"": [
        ""zarządzanie kontami użytkowników i specjalistów"",
        ""konfiguracja globalnych ustawień systemu""
      ]
    }
  ],
  ""functional_requirements"": [
    {
      ""id"": ""FR1"",
      ""description"": ""System musi umożliwiać użytkownikom wyszukiwanie specjalistów oraz przeglądanie ich wolnych terminów w czasie rzeczywistym.""
    },
    {
      ""id"": ""FR2"",
      ""description"": ""System musi umożliwiać użytkownikom zarezerwowanie wybranego terminu po uprzednim uwierzytelnieniu.""
    },
    {
      ""id"": ""FR3"",
      ""description"": ""System musi umożliwiać użytkownikom oraz specjalistom anulowanie istniejącej rezerwacji zgodnie z polityką anulowań.""
    },
    {
      ""id"": ""FR4"",
      ""description"": ""System musi umożliwiać specjalistom definiowanie, edytowanie i usuwanie bloków czasowych w ich grafiku dostępności.""
    },
    {
      ""id"": ""FR5"",
      ""description"": ""System musi automatycznie blokować termin w momencie rozpoczęcia procesu rezerwacji, aby zapobiec konfliktom (double-booking).""
    },
    {
      ""id"": ""FR6"",
      ""description"": ""System musi wymuszać kontrolę dostępu opartą na rolach (RBAC) dla wszystkich operacji na danych.""
    }
  ]
}",,,
R2-krok2,gemini-3-flash-preview,LLM-only,1,6.79,"Opis systemu: System umożliwia użytkownikom rezerwację wizyt u specjalistów (np. lekarzy lub konsultantów). Użytkownicy mogą przeglądać dostępne terminy, dokonywać rezerwacji oraz je anulować. Specjaliści zarządzają swoim grafikiem. System powinien zapobiegać konfliktom rezerwacji i obsługiwać różne role użytkowników.
Wygenerowane FR: {""roles"": [{""name"": ""Użytkownik"", ""permissions"": [""przeglądanie dostępnych terminów"", ""dokonywanie rezerwacji wizyt"", ""anulowanie własnych rezerwacji""]}, {""name"": ""Specjalista"", ""permissions"": [""zarządzanie własnym grafikiem"", ""przeglądanie listy zapisanych wizyt"", ""anulowanie wizyt klientów""]}, {""name"": ""Administrator"", ""permissions"": [""zarządzanie kontami użytkowników i specjalistów"", ""konfiguracja globalnych ustawień systemu""]}], ""functional_requirements"": [{""id"": ""FR1"", ""description"": ""System musi umożliwiać użytkownikom wyszukiwanie specjalistów oraz przeglądanie ich wolnych terminów w czasie rzeczywistym.""}, {""id"": ""FR2"", ""description"": ""System musi umożliwiać użytkownikom zarezerwowanie wybranego terminu po uprzednim uwierzytelnieniu.""}, {""id"": ""FR3"", ""description"": ""System musi umożliwiać użytkownikom oraz specjalistom anulowanie istniejącej rezerwacji zgodnie z polityką anulowań.""}, {""id"": ""FR4"", ""description"": ""System musi umożliwiać specjalistom definiowanie, edytowanie i usuwanie bloków czasowych w ich grafiku dostępności.""}, {""id"": ""FR5"", ""description"": ""System musi automatycznie blokować termin w momencie rozpoczęcia procesu rezerwacji, aby zapobiec konfliktom (double-booking).""}, {""id"": ""FR6"", ""description"": ""System musi wymuszać kontrolę dostępu opartą na rolach (RBAC) dla wszystkich operacji na danych.""}]}

Wygeneruj TYLKO ten fragment JSON z dokładnie taką strukturą:
{
  ""non_functional_requirements"": [
    {""id"": ""NFR1"", ""description"": ""Treść wymagania.""}
  ],
  ""user_stories"": [
    {""id"": ""US1"", ""description"": ""Jako X chcę Y, aby Z.""}
  ]
}","{
  ""non_functional_requirements"": [
    {""id"": ""NFR1"", ""description"": ""System musi zapewniać czas odpowiedzi na zapytanie o dostępność terminów poniżej 2 sekund przy 500 równoczesnych użytkownikach.""},
    {""id"": ""NFR2"", ""description"": ""System musi być dostępny na poziomie 99,9% w skali roku, z wyłączeniem planowanych przerw konserwacyjnych.""},
    {""id"": ""NFR3"", ""description"": ""Wszystkie dane przesyłane między klientem a serwerem muszą być szyfrowane przy użyciu protokołu TLS 1.3.""},
    {""id"": ""NFR4"", ""description"": ""Interfejs użytkownika musi być w pełni responsywny (RWD) i zapewniać poprawność działania na urządzeniach mobilnych i desktopowych.""},
    {""id"": ""NFR5"", ""description"": ""Hasła użytkowników muszą być przechowywane w bazie danych w formie zahaszowanej przy użyciu silnego algorytmu, np. Argon2 lub bcrypt.""}
  ],
  ""user_stories"": [
    {""id"": ""US1"", ""description"": ""Jako Użytkownik chcę wyszukiwać specjalistów według ich specjalizacji, aby szybko znaleźć odpowiednią pomoc.""},
    {""id"": ""US2"", ""description"": ""Jako Użytkownik chcę otrzymać e-mailowe potwierdzenie rezerwacji, aby mieć pewność, że termin został zapisany.""},
    {""id"": ""US3"", ""description"": ""Jako Specjalista chcę oznaczać wybrane dni jako wolne od pracy, aby pacjenci nie mogli zapisywać się w czasie mojego urlopu.""},
    {""id"": ""US4"", ""description"": ""Jako Specjalista chcę widzieć listę pacjentów zapisanych na dany dzień, aby móc lepiej zaplanować swój czas pracy.""},
    {""id"": ""US5"", ""description"": ""Jako Administrator chcę mieć możliwość resetowania haseł użytkowników, aby pomóc im w przypadku utraty dostępu do konta.""}
  ]
}",,,
R2-krok3,gemini-3-flash-preview,LLM-only,1,7.16,"User stories: [{""id"": ""US1"", ""description"": ""Jako Użytkownik chcę wyszukiwać specjalistów według ich specjalizacji, aby szybko znaleźć odpowiednią pomoc.""}, {""id"": ""US2"", ""description"": ""Jako Użytkownik chcę otrzymać e-mailowe potwierdzenie rezerwacji, aby mieć pewność, że termin został zapisany.""}, {""id"": ""US3"", ""description"": ""Jako Specjalista chcę oznaczać wybrane dni jako wolne od pracy, aby pacjenci nie mogli zapisywać się w czasie mojego urlopu.""}, {""id"": ""US4"", ""description"": ""Jako Specjalista chcę widzieć listę pacjentów zapisanych na dany dzień, aby móc lepiej zaplanować swój czas pracy.""}, {""id"": ""US5"", ""description"": ""Jako Administrator chcę mieć możliwość resetowania haseł użytkowników, aby pomóc im w przypadku utraty dostępu do konta.""}]

Wygeneruj TYLKO ten fragment JSON z dokładnie taką strukturą:
{
  ""acceptance_criteria"": [
    {
      ""id"": ""AC1"",
      ""given"": ""warunek wstępny"",
      ""when"": ""akcja użytkownika"",
      ""then"": ""oczekiwany rezultat""
    }
  ]
}","{
  ""acceptance_criteria"": [
    {
      ""id"": ""AC1"",
      ""given"": ""Użytkownik znajduje się na stronie wyszukiwania specjalistów"",
      ""when"": ""Użytkownik wybierze określoną specjalizację z listy i kliknie przycisk szukaj"",
      ""then"": ""System wyświetla listę specjalistów posiadających wybraną specjalizację""
    },
    {
      ""id"": ""AC2"",
      ""given"": ""Użytkownik pomyślnie ukończył proces rezerwacji terminu wizyty"",
      ""when"": ""Rezerwacja zostanie poprawnie zapisana w bazie danych"",
      ""then"": ""System wysyła automatyczną wiadomość e-mail z potwierdzeniem szczegółów wizyty na adres użytkownika""
    },
    {
      ""id"": ""AC3"",
      ""given"": ""Specjalista jest zalogowany i otworzył swój kalendarz pracy"",
      ""when"": ""Specjalista zaznaczy wybrane daty jako wolne i zapisze zmiany"",
      ""then"": ""System blokuje możliwość rezerwacji terminów przez pacjentów w zaznaczonych dniach""
    },
    {
      ""id"": ""AC4"",
      ""given"": ""Specjalista jest zalogowany w systemie"",
      ""when"": ""Specjalista wybierze konkretną datę z widoku harmonogramu"",
      ""then"": ""System wyświetla chronologiczną listę pacjentów zapisanych na wizyty w wybranym dniu""
    },
    {
      ""id"": ""AC5"",
      ""given"": ""Administrator jest zalogowany w panelu zarządzania użytkownikami"",
      ""when"": ""Administrator wybierze opcję resetowania hasła dla wskazanego konta użytkownika"",
      ""then"": ""System generuje i wysyła link do ustawienia nowego hasła na adres e-mail przypisany do konta użytkownika""
    }
  ]
}",,,
